id,y_true,y_pred,absolute_error
1738244401.247706,275.0,234.90789953342886,40.09210046657114
1738244411.272577,121.0,211.264772148157,90.264772148157
1738244421.286767,113.0,157.03329164468582,44.03329164468582
